Ticker,Date,Time,Headline
AMZN,Today,12:54PM,"Bezos' Blue Origin working on orbital data center technology, WSJ reports"
AMZN,Today,12:25PM,"Amazon's Grocery Momentum Puts Scare Into Instacart Stock, DoorDash"
AMZN,Today,12:19PM,Wall Street and Temasek Are Fighting for a Piece of Swiggy's $1.1B India Delivery Play
AMZN,Today,12:10PM,"Talk of an AI bubble is just 'ridiculous,' this strategist says"
AMZN,Today,12:06PM,Marvell CEO fights back against bears; stock gains
AMZN,Today,11:53AM,Amazon Shares Steady as Glowmade Layoffs Highlight Ongoing Gaming Challenges
AMZN,Today,11:45AM,Retailers look healthier than narrative suggests as margins near peak- Guggenheim
AMZN,Today,11:33AM,Amazon to Invest $35 Billion in India Through 2030 to Expand AI and Retail Footprint
AMZN,Today,11:32AM,Why Amazon Stock Is Climbing Today
AMZN,Today,11:20AM,Amazon Just Made a $35 Billion Power Play--and It's All About India
AMZN,Today,11:11AM,Magnificent Seven Stocks: Nvidia Slides; Tesla Offers New Buy Point
AMZN,Today,11:06AM,Amazon named Top Mega Cap Internet Pick at TD Cowen
AMZN,Today,11:05AM,Powell's Fed Just Cut Rates Again -- But the Real Shock Is What Happens Next
AMZN,Today,11:04AM,Can AMZN's Expanding Global Investments Push the Stock Higher in 2026?
AMZN,Today,10:56AM,Amazon to pay 510 million euros to settle tax probe in Italy - sources
AMZN,Today,10:40AM,TSMC Stock Is Rising -- Strong November Sales Highlight AI-Driven Demand
AMZN,Today,10:37AM,How Big Tech's AI build-out is 'mostly' a private credit story
AMZN,Today,10:31AM,Amazon's stock is this analyst's 'best idea' because of these 3 reasons
AMZN,Today,10:22AM,"Amazon to invest over $35 billion in India on AI, exports"
AMZN,Today,10:10AM,Analyst says Amazon likely saw robust Black Friday/Cyber Monday trading
AMZN,Today,10:00AM,Marvell Technology Stock Climbs. CEO Rejects Reports of Lost Cloud Orders
AMZN,Today,09:48AM,QYLD Turns Mag 7 Tech Stocks Into an 11% Dividend Yield
AMZN,Today,09:40AM,"Amazon initiated, GE Vernova upgraded: Wall Street's top analyst calls"
AMZN,Today,09:36AM,"Stocks to Watch Wednesday: GE Vernova, GameStop, Cracker Barrel"
AMZN,Today,09:35AM,Grid Dynamics enters multi-year collaboration agreement with Amazon Web Services
AMZN,Today,09:30AM,Small-Cap Stocks May Be Ready to Outperform After Five Years of Lagging
AMZN,Today,09:21AM,"Amazon to invest more than $35bn in India by 2030, focusing on AI, exports and jobs"
AMZN,Today,09:19AM,ANET vs. IBM: Which Hybrid Cloud Stock is the Better Buy for 2026?
AMZN,Today,09:16AM,'We Would Sell Bitcoin If We Needed To': Strategy CEO Says Selling Bitcoin Is Not Out Of The Question
AMZN,Today,09:09AM,"Here Are Wednesdays Top Wall Street Analyst Research Calls: AbbVie, Amazon.com, Biogen, EchoStar, Ferrari, GE Vernova, PepsiCo, Take-Two Interactive, and More"
AMZN,Today,09:00AM,Reebok Parent Authentic Brands Group Accelerates TikTok Shop Selling With New Partner
AMZN,Today,08:48AM,Stock Market Today: Dow Up Ahead Of Fed Ruling; Nvidia Chipmaker Rises On Sales Report (Live Coverage)
AMZN,Today,07:39AM,AI Weekly: EU probes and India investment
AMZN,Today,07:35AM,"Marvell Stock Falls on Microsoft, Amazon Fears. 'Block Out the Noise.'"
AMZN,Today,07:32AM,"Amazon to invest additional $35B in India by 2030, taking total planned spending to $75B"
AMZN,Today,06:50AM,Prediction: Amazon Stock Will Have a Monster 2026
AMZN,Today,05:53AM,The year of the tech company co-CEO
AMZN,Today,04:26AM,Should You Buy the Invesco QQQ ETF With the Nasdaq Near an All-Time High? History Offers a Clear Answer.
AMZN,Today,04:11AM,"Microsoft, Amazon Bet Billions on India"
AMZN,Today,03:02AM,"Microsoft Unveils Biggest AI Investment Plan to Challenge Amazon, Google"
AMZN,Today,02:19AM,Amazon plans more than US$35 billion in new India investments through 2030
AMZN,Dec-09-25,11:07PM,Apple analyst sets bold stock target for 2026
AMZN,Dec-09-25,08:25PM,Watch Jim Cramer's full interview with Marvell Technology CEO Matt Murphy
AMZN,Dec-09-25,08:25PM,"'Those orders are in the books,' says Marvell CEO on lost business speculation"
AMZN,Dec-09-25,07:00PM,Fed Cut This Week May Be Last for A While
AMZN,Dec-09-25,06:30PM,Dave Ramsey Reacts To A Father Trying To Bribe His Son For Control Of A $300K Trust. 'What Planet Does He Live On?'
AMZN,Dec-09-25,06:20PM,"The 3 Smartest Quantum Computing Stocks to Buy With $1,000 in 2026"
AMZN,Dec-09-25,06:11PM,Big Bubbles Are Not Deterring Bullish Investors
AMZN,Dec-09-25,05:07PM,Amazon's (AMZN) AWS Momentum Strengthens as Evercore Keeps $335 Price Target
AMZN,Dec-09-25,04:26PM,Amazon Dominated Online Beauty Sales During Cyber Week
AMZN,Dec-09-25,04:24PM,"Apple Stock Marks a Solid Comeback. Is AAPL a Buy, Sell, or Hold for 2026?"
AMZN,Dec-09-25,04:01PM,Lands' End Inc (LE) Q3 2025 Earnings Call Highlights: Record Gross Margin and Strategic ...
AMZN,Dec-09-25,03:59PM,2 Reasons Tech Stocks Are Rising Past AI Worries
AMZN,Dec-09-25,03:48PM,2 Reasons Tech Stocks Are Rise Past AI Worries
AMZN,Dec-09-25,03:41PM,Earnings Watch: Will Oracle Stock Regain Its Bullish Momentum?
AMZN,Dec-09-25,03:37PM,"Howard Marks Says AI Terrifying for Jobs, Queries Debt Cost"
AMZN,Dec-09-25,03:04PM,Oracle set to report earnings as Wall Street looks for cracks in the AI bubble
AMZN,Dec-09-25,03:02PM,These 3 Dow Stocks Are Set to Soar in 2026 and Beyond
AMZN,Dec-09-25,02:00PM,2 Reasons Meta and Other Tech Stocks Can Rise Past AI Worries
AMZN,Dec-09-25,01:41PM,ETFs Poised to Gain From Black Friday's $11.8B Online E-Commerce Sales
AMZN,Dec-09-25,01:35PM,Oracle's OpenAI reliance faces scrutiny as debt-fueled AI buildout raises worries
AMZN,Dec-09-25,01:18PM,Warner Bros. Fight Hinges on Value of Shrinking Cable Assets
AMZN,Dec-09-25,01:05PM,"Here Are Billionaire Bill Ackman's 3 Biggest Bets From This Year, and How He's Positioned Going Into 2026"
AMZN,Dec-09-25,12:52PM,Tech Stocks Are Rebounding. Two Reasons It Can Continue.
AMZN,Dec-09-25,12:12PM,GOOGL Rises 79% in a Year on AI Push: Will the Rally Continue in 2026?
AMZN,Dec-09-25,11:51AM,Will Customer Defections Crumble Marvell Technologys AI Empire?
AMZN,Dec-09-25,11:49AM,Why KeyBanc Remains Bullish on Amazon (AMZN) After AWS re:Invent
AMZN,Dec-09-25,11:30AM,Can Microsoft Stock Sustain Its AI Infrastructure Investment Pace?
AMZN,Dec-09-25,11:28AM,"DoorDash Stock Rallies 30% in One Year: Should You Buy, Hold, or Sell?"
AMZN,Dec-09-25,11:25AM,3 Stocks That Could Skyrocket Before the End of 2025
AMZN,Dec-09-25,11:20AM,Microsoft to invest $17.5B in India by 2029 as AI race accelerates
AMZN,Dec-09-25,11:14AM,Ray-Ban Meta glasses take off but face privacy and competition test
AMZN,Dec-09-25,11:00AM,What Trump's Nvidia China sales approval means for the Mag 7
AMZN,Dec-09-25,10:23AM,Bezos Is Quietly Bullish on Trump Accounts and Insiders Expect a Huge Contribution
AMZN,Dec-09-25,10:23AM,"MRVL Declines 14% in a Year: Should You Buy, Sell or Hold the Stock?"
AMZN,Dec-09-25,10:16AM,"'It Feels Like The World Just Changed, Again' Salesforce CEO Says Google's Gemini 3 Is 'Sharper And Faster' Than ChatGPT"
AMZN,Dec-09-25,10:00AM,"As Shein and Temu Entice Vendors, Amazon Cuts European Seller Fees"
AMZN,Dec-09-25,09:20AM,UPS Margins Show Growth Despite Revenue Woes: Scope for More Upside?
AMZN,Dec-09-25,09:12AM,Disneys Entertainment Model Stumbles as Amazon Doubles Down on AI Infrastructure Spending
AMZN,Dec-09-25,09:00AM,"Here is What to Know Beyond Why Amazon.com, Inc. (AMZN) is a Trending Stock"
AMZN,Dec-09-25,08:45AM,3 Solid Funds to Boost Your Portfolio on Surging Semiconductor Sales
AMZN,Dec-09-25,08:31AM,"Reliance-Disney's JioHotstar to invest $444 million in south Indian content, executive says"
AMZN,Dec-09-25,08:18AM,"AI infrastructure bubble wont burst until 2027, Northland predicts"
AMZN,Dec-09-25,07:58AM,"From 2015 to 2024, the ""Magnificent Seven"" Achieved a 698% Return. Here Are 2 With Room to Run."
AMZN,Dec-09-25,07:00AM,How Mag 7's lead over other stocks could shrink in 2026
AMZN,Dec-09-25,06:18AM,Microsoft to invest more than $5.4 billion in Canada to boost AI infrastructure
AMZN,Dec-09-25,06:02AM,"The Best Quantum Computing Stock to Own If the Bubble Bursts (Hint: It's Not D-Wave, IonQ, or Rigetti)"
AMZN,Dec-09-25,05:50AM,Microsoft vs. Amazon: Which Cloud Computing Stock Will Outperform in 2026?
AMZN,Dec-09-25,05:04AM,"The Zacks Analyst Blog Highlights IBM, Amazon, Google, IonQ and D-Wave Quantum"
AMZN,Dec-09-25,03:02AM,"Borrowing by AI companies represents a mounting potential threat to the financial system, top economist says"
AMZN,Dec-08-25,11:55PM,Marvell Stock Faces Heavy Sell-Off After Benchmark Flags Amazon Design Loss
AMZN,Dec-08-25,10:20PM,Amazon's Next Chapter: A Look Back at 2025 and What Investors Should Expect in 2026
AMZN,Dec-08-25,09:37PM,Amazon issues urgent alert on recalled portable batteries
AMZN,Dec-08-25,07:31PM,Paramount Ups Warner Bros. Battle With Trump Son-in-Law at Side
AMZN,Dec-08-25,07:31PM,"Jeff Bezos Once Said The Universe Wants You To Be 'Typical,' But There Is A Price To Pay For Being Yourself As Well: 'Not Easy Or Free'"
AMZN,Dec-08-25,07:30PM,"How Walmart, Target, Amazon pay holiday workers (and who's hiring)"
AMZN,Dec-08-25,07:02PM,"Shaq Refused To Spend $80,000 On A Security System. Instead, He Invested In A Startup Jeff Bezos Eventually Bought For $1B"
AMZN,Dec-08-25,04:28PM,Marvell Stock Is the Biggest Loser From Amazons New Chip. This Downgrade Proves It.
AMZN,Dec-08-25,04:26PM,Marvell Stock Down As Microsoft Mulls Switch To Broadcom For Custom Chips
AMZN,Dec-08-25,04:06PM,What to know about Paramount's hostile bid for Warner Bros. Discovery
